Taluk,Crop,Parcel_Count,Area_Hectares,Area_Acres,Percentage_of_Taluk
Ambasamudram,Banana,160,280.9711,694.2947,37.75
Ambasamudram,Other,87,150.7085,372.4089,20.25
Ambasamudram,Paddy,178,312.5561,772.343,42.0
Ambasamudram (Subtotal),ALL_CROPS,425,744.2358,1839.0467,100.0
Cheranmahadevi,Banana,164,288.6377,713.2394,38.77
Cheranmahadevi,Other,90,156.9749,387.8935,21.08
Cheranmahadevi,Paddy,171,298.9168,738.6395,40.15
Cheranmahadevi (Subtotal),ALL_CROPS,425,744.5295,1839.7724,100.0
GRAND_TOTAL,ALL_CROPS,850,1488.7652,3678.819,100.0
