parcel_id,taluk,crop_type,crop_confidence,area_ha,banana_count,coconut_count,other_tree_count,total_tree_count,plant_density,object_classes,object_detection_confidence
PARCEL_0001,Ambasamudram,Paddy,0.5916,0.8069529059152825,0,7,0,7,8.7,coconut,0.3861
PARCEL_0002,Ambasamudram,Paddy,0.8366,0.4738442353654108,0,0,0,0,0.0,none,0.0
PARCEL_0003,Ambasamudram,Paddy,0.7485,0.37157394995410603,0,0,0,0,0.0,none,0.0
PARCEL_0004,Ambasamudram,Paddy,0.7107,0.5850727917606766,0,4,0,4,6.8,coconut,0.3974
PARCEL_0005,Ambasamudram,Paddy,0.932,0.7512880514767672,0,0,0,0,0.0,none,0.0
PARCEL_0006,Ambasamudram,Paddy,0.6173,0.4563580346677643,0,0,0,0,0.0,none,0.0
PARCEL_0007,Ambasamudram,Paddy,0.6733,0.6957357303256284,0,0,0,0,0.0,none,0.0
PARCEL_0008,Ambasamudram,Paddy,0.6686,0.6851431251937885,0,0,0,0,0.0,none,0.0
PARCEL_0009,Ambasamudram,Paddy,0.7721,0.5058516796272122,0,0,0,0,0.0,none,0.0
PARCEL_0010,Ambasamudram,Paddy,0.8839,0.5824784458696616,0,0,0,0,0.0,none,0.0
PARCEL_0011,Ambasamudram,Paddy,0.7903,0.485976090681157,0,0,0,0,0.0,none,0.0
PARCEL_0012,Ambasamudram,Paddy,0.6438,0.4826185414091916,0,0,0,0,0.0,none,0.0
PARCEL_0013,Ambasamudram,Paddy,0.8145,0.4979161701396643,0,0,0,0,0.0,none,0.0
PARCEL_0014,Ambasamudram,Paddy,0.6695,0.38930840329385735,0,0,0,0,0.0,none,0.0
PARCEL_0015,Ambasamudram,Paddy,0.7982,0.3759081922671861,0,0,0,0,0.0,none,0.0
PARCEL_0016,Ambasamudram,Paddy,0.8683,0.9110647447558454,0,0,0,0,0.0,none,0.0
PARCEL_0017,Ambasamudram,Paddy,0.8831,0.8003427418721203,0,4,0,4,5.0,coconut,0.5833
PARCEL_0018,Ambasamudram,Paddy,0.8042,0.3898004224903755,0,0,0,0,0.0,none,0.0
PARCEL_0019,Ambasamudram,Paddy,0.821,0.554432007556414,0,4,0,4,7.2,coconut,0.4073
PARCEL_0020,Ambasamudram,Paddy,0.6751,0.6075375284071404,0,0,0,0,0.0,none,0.0
PARCEL_0021,Ambasamudram,Paddy,0.7469,1.0418161526608223,0,0,0,0,0.0,none,0.0
PARCEL_0022,Ambasamudram,Paddy,0.9295,0.6336876397798382,0,6,0,6,9.5,coconut,0.6004
PARCEL_0023,Ambasamudram,Paddy,0.7651,0.48155992331052283,0,0,0,0,0.0,none,0.0
PARCEL_0024,Ambasamudram,Paddy,0.7293,0.36217624568496715,0,0,0,0,0.0,none,0.0
PARCEL_0025,Ambasamudram,Paddy,0.8457,0.7478419455942831,0,0,0,0,0.0,none,0.0
PARCEL_0026,Ambasamudram,Paddy,0.8565,0.456568478804236,0,0,0,0,0.0,none,0.0
PARCEL_0027,Ambasamudram,Paddy,0.5252,0.3542015385725135,0,0,0,0,0.0,none,0.0
PARCEL_0028,Ambasamudram,Paddy,0.4978,0.8662055250719719,0,0,0,0,0.0,none,0.0
PARCEL_0029,Ambasamudram,Paddy,0.9027,0.6020547238297524,0,0,0,0,0.0,none,0.0
PARCEL_0030,Ambasamudram,Paddy,0.6311,0.4552343265288818,0,0,0,0,0.0,none,0.0
PARCEL_0031,Ambasamudram,Paddy,0.5803,0.44817417304746104,0,0,0,0,0.0,none,0.0
PARCEL_0032,Ambasamudram,Paddy,0.8419,0.5641069777492612,0,2,0,2,3.5,coconut,0.3209
PARCEL_0033,Ambasamudram,Paddy,0.8097,0.6186504771525005,0,0,0,0,0.0,none,0.0
PARCEL_0034,Ambasamudram,Paddy,0.8154,0.8873291749823353,0,0,0,0,0.0,none,0.0
PARCEL_0035,Ambasamudram,Paddy,0.897,0.5771675350660689,0,0,0,0,0.0,none,0.0
PARCEL_0036,Ambasamudram,Paddy,0.7547,0.6638134186140376,0,0,0,0,0.0,none,0.0
PARCEL_0037,Ambasamudram,Paddy,0.907,0.487298870628407,0,4,0,4,8.2,coconut,0.6657
PARCEL_0038,Ambasamudram,Paddy,0.9037,0.2835365443904001,0,0,0,0,0.0,none,0.0
PARCEL_0039,Ambasamudram,Paddy,0.8811,0.5655065352156736,0,0,0,0,0.0,none,0.0
PARCEL_0040,Ambasamudram,Paddy,0.6742,0.8434176264752424,0,0,0,0,0.0,none,0.0
PARCEL_0041,Ambasamudram,Paddy,0.6514,0.40081762055819486,0,0,0,0,0.0,none,0.0
PARCEL_0042,Ambasamudram,Paddy,0.8545,0.8583739799181088,0,7,0,7,8.2,coconut,0.5703
PARCEL_0043,Ambasamudram,Paddy,0.6836,0.5760878663465845,0,0,0,0,0.0,none,0.0
PARCEL_0044,Ambasamudram,Paddy,0.7422,0.6452342723068072,0,1,0,1,1.5,coconut,0.3047
PARCEL_0045,Ambasamudram,Paddy,0.8312,0.5382980727893835,0,0,0,0,0.0,none,0.0
PARCEL_0046,Ambasamudram,Paddy,0.7598,0.738867807651951,0,0,0,0,0.0,none,0.0
PARCEL_0047,Ambasamudram,Paddy,0.7149,0.9742283534118573,0,0,0,0,0.0,none,0.0
PARCEL_0048,Ambasamudram,Paddy,0.9135,0.6389700183063516,0,3,0,3,4.7,coconut,0.6619
PARCEL_0049,Ambasamudram,Paddy,0.6221,0.8461212346562869,19,1,0,20,23.6,"banana, coconut",0.7448
PARCEL_0050,Ambasamudram,Paddy,0.7615,1.00602939777422,0,5,0,5,5.0,coconut,0.4703
PARCEL_0052,Ambasamudram,Paddy,0.7984,0.5097737116826393,0,2,0,2,3.9,coconut,0.2927
PARCEL_0053,Ambasamudram,Paddy,0.5655,0.6434283317807783,0,0,0,0,0.0,none,0.0
PARCEL_0054,Ambasamudram,Paddy,0.6291,0.5190447755843547,0,0,0,0,0.0,none,0.0
PARCEL_0055,Ambasamudram,Paddy,0.5553,0.6055694621054206,0,0,0,0,0.0,none,0.0
PARCEL_0056,Ambasamudram,Paddy,0.7957,0.8256760084062557,0,0,0,0,0.0,none,0.0
PARCEL_0057,Ambasamudram,Paddy,0.9218,0.6473358780365084,0,0,0,0,0.0,none,0.0
PARCEL_0058,Ambasamudram,Paddy,0.7425,0.35867888316260066,0,0,0,0,0.0,none,0.0
PARCEL_0059,Ambasamudram,Paddy,0.852,0.5985715668891067,0,0,0,0,0.0,none,0.0
PARCEL_0060,Ambasamudram,Paddy,0.6804,0.6518003453899498,0,0,0,0,0.0,none,0.0
PARCEL_0061,Cheranmahadevi,Paddy,0.9898,0.2897412872248629,0,0,0,0,0.0,none,0.0
PARCEL_0062,Cheranmahadevi,Paddy,0.9412,0.444149868272395,0,0,0,0,0.0,none,0.0
PARCEL_0063,Cheranmahadevi,Paddy,0.9008,0.642657354446388,0,0,0,0,0.0,none,0.0
PARCEL_0064,Cheranmahadevi,Paddy,1.0,0.7020602661868786,0,0,0,0,0.0,none,0.0
PARCEL_0065,Cheranmahadevi,Paddy,0.9906,0.48021690823895685,0,0,0,0,0.0,none,0.0
PARCEL_0066,Cheranmahadevi,Paddy,0.9974,0.6195106681225317,0,0,0,0,0.0,none,0.0
PARCEL_0067,Cheranmahadevi,Paddy,1.0,0.7791309705554935,0,0,0,0,0.0,none,0.0
PARCEL_0068,Cheranmahadevi,Paddy,0.9968,0.6961733509184428,0,0,0,0,0.0,none,0.0
PARCEL_0069,Cheranmahadevi,Paddy,0.9974,0.5241093356315802,0,0,0,0,0.0,none,0.0
PARCEL_0070,Cheranmahadevi,Paddy,0.9909,0.657234035163673,0,0,0,0,0.0,none,0.0
PARCEL_0071,Cheranmahadevi,Paddy,0.9918,0.8180688207103999,0,0,0,0,0.0,none,0.0
PARCEL_0072,Cheranmahadevi,Paddy,1.0,1.0743816478150916,0,0,0,0,0.0,none,0.0
PARCEL_0073,Cheranmahadevi,Paddy,1.0,0.5852099417773348,0,0,0,0,0.0,none,0.0
PARCEL_0074,Cheranmahadevi,Paddy,0.9974,0.7608915639638504,0,0,0,0,0.0,none,0.0
PARCEL_0075,Cheranmahadevi,Paddy,0.9857,0.9034546062368941,0,0,0,0,0.0,none,0.0
PARCEL_0076,Cheranmahadevi,Paddy,0.6146,0.6299267705778225,0,0,0,0,0.0,none,0.0
PARCEL_0077,Cheranmahadevi,Paddy,0.9792,0.4419218160588517,0,0,0,0,0.0,none,0.0
PARCEL_0078,Cheranmahadevi,Banana,0.4865,0.7337288993888968,0,0,0,0,0.0,none,0.0
PARCEL_0079,Cheranmahadevi,Paddy,0.9679,0.4883079332278493,0,0,0,0,0.0,none,0.0
PARCEL_0080,Cheranmahadevi,Paddy,1.0,0.9173863062611974,0,0,0,0,0.0,none,0.0
PARCEL_0081,Cheranmahadevi,Paddy,0.9768,1.055186807553443,0,0,0,0,0.0,none,0.0
PARCEL_0082,Cheranmahadevi,Paddy,1.0,0.53155552659298,0,0,0,0,0.0,none,0.0
PARCEL_0083,Cheranmahadevi,Paddy,1.0,0.4508670976546078,0,0,0,0,0.0,none,0.0
PARCEL_0084,Cheranmahadevi,Paddy,0.977,0.3259303694623465,0,0,0,0,0.0,none,0.0
PARCEL_0085,Cheranmahadevi,Paddy,0.8717,0.7809614035045812,0,0,0,0,0.0,none,0.0
PARCEL_0086,Cheranmahadevi,Paddy,1.0,0.54682779127221,0,0,0,0,0.0,none,0.0
PARCEL_0087,Cheranmahadevi,Paddy,0.9847,0.4530093704197693,0,0,0,0,0.0,none,0.0
PARCEL_0088,Cheranmahadevi,Paddy,0.9982,0.7089356120901263,0,0,0,0,0.0,none,0.0
PARCEL_0089,Cheranmahadevi,Paddy,1.0,0.3525196245713537,0,0,0,0,0.0,none,0.0
PARCEL_0090,Cheranmahadevi,Paddy,0.9866,0.5811788551242184,0,0,0,0,0.0,none,0.0
PARCEL_0091,Cheranmahadevi,Paddy,0.8079,0.46475053119207077,0,0,0,0,0.0,none,0.0
PARCEL_0092,Cheranmahadevi,Paddy,0.9647,0.9001609521807468,0,0,0,0,0.0,none,0.0
PARCEL_0093,Cheranmahadevi,Paddy,0.853,1.0804465967884946,0,0,0,0,0.0,none,0.0
PARCEL_0094,Cheranmahadevi,Paddy,1.0,1.077435221834391,0,0,0,0,0.0,none,0.0
PARCEL_0095,Cheranmahadevi,Paddy,0.9325,1.087651972845879,0,0,0,0,0.0,none,0.0
PARCEL_0096,Cheranmahadevi,Paddy,0.9168,0.3544836159830601,0,0,0,0,0.0,none,0.0
PARCEL_0097,Cheranmahadevi,Paddy,0.9968,1.025670607885842,0,0,0,0,0.0,none,0.0
PARCEL_0098,Cheranmahadevi,Paddy,0.8475,0.6193240148974954,0,0,0,0,0.0,none,0.0
PARCEL_0099,Cheranmahadevi,Paddy,0.9956,0.6225878641968848,0,0,0,0,0.0,none,0.0
PARCEL_0100,Cheranmahadevi,Paddy,0.9172,0.7823680297565028,0,0,0,0,0.0,none,0.0
PARCEL_0101,Cheranmahadevi,Paddy,0.9917,0.7613782356399621,0,0,0,0,0.0,none,0.0
PARCEL_0102,Cheranmahadevi,Paddy,1.0,0.36525589643130785,0,0,0,0,0.0,none,0.0
PARCEL_0103,Cheranmahadevi,Paddy,0.9624,0.5606905860327637,0,0,0,0,0.0,none,0.0
PARCEL_0104,Cheranmahadevi,Paddy,0.9805,0.7159294390950357,0,0,0,0,0.0,none,0.0
PARCEL_0105,Cheranmahadevi,Paddy,0.8669,0.8437389785899719,0,0,0,0,0.0,none,0.0
PARCEL_0106,Cheranmahadevi,Paddy,1.0,0.35136125257966483,0,0,0,0,0.0,none,0.0
PARCEL_0107,Cheranmahadevi,Paddy,0.9867,0.4308974083959718,0,0,0,0,0.0,none,0.0
PARCEL_0108,Cheranmahadevi,Paddy,0.9974,0.37131134582729813,0,0,0,0,0.0,none,0.0
PARCEL_0109,Cheranmahadevi,Paddy,0.9759,0.3353663656552483,0,0,0,0,0.0,none,0.0
PARCEL_0110,Cheranmahadevi,Paddy,0.9909,0.5763228457206518,0,0,0,0,0.0,none,0.0
PARCEL_0111,Cheranmahadevi,Paddy,1.0,1.077938907459263,0,0,0,0,0.0,none,0.0
PARCEL_0112,Cheranmahadevi,Paddy,0.9757,0.5795392836148969,0,0,0,0,0.0,none,0.0
PARCEL_0113,Cheranmahadevi,Paddy,0.9683,0.6282602657894313,0,0,0,0,0.0,none,0.0
PARCEL_0114,Cheranmahadevi,Paddy,0.9904,0.8369658560954724,0,0,0,0,0.0,none,0.0
PARCEL_0115,Cheranmahadevi,Paddy,0.9571,0.529018162690355,0,0,0,0,0.0,none,0.0
PARCEL_0116,Cheranmahadevi,Paddy,0.9974,0.43457523093111167,0,0,0,0,0.0,none,0.0
PARCEL_0117,Cheranmahadevi,Paddy,0.9654,0.7778922803631633,0,0,0,0,0.0,none,0.0
PARCEL_0118,Cheranmahadevi,Paddy,0.9846,0.7189690895835026,0,0,0,0,0.0,none,0.0
PARCEL_0119,Cheranmahadevi,Paddy,0.9523,0.7477318610658635,0,0,0,0,0.0,none,0.0
PARCEL_0120,Cheranmahadevi,Paddy,0.9918,0.3603951699025029,0,0,0,0,0.0,none,0.0
PARCEL_0121,Ambasamudram,Banana,0.8577,0.32192133266599565,0,0,0,0,0.0,none,0.0
PARCEL_0122,Ambasamudram,Banana,0.535,0.4762600972305115,0,0,0,0,0.0,none,0.0
PARCEL_0123,Ambasamudram,Paddy,0.6496,0.4199601383150374,109,4,0,113,269.1,"banana, coconut",0.3995
PARCEL_0124,Ambasamudram,Banana,0.8053,0.4924916895443663,0,0,0,0,0.0,none,0.0
PARCEL_0125,Ambasamudram,Banana,0.9726,0.40201694901410867,0,0,0,0,0.0,none,0.0
PARCEL_0126,Ambasamudram,Banana,0.4799,0.3904405882762317,542,2,0,544,1393.3,"banana, coconut",0.6094
PARCEL_0127,Ambasamudram,Banana,0.7502,0.3197904037325887,0,0,0,0,0.0,none,0.0
PARCEL_0128,Ambasamudram,Banana,0.542,0.6564137199827537,764,2,0,766,1166.9,"banana, coconut",0.4606
PARCEL_0129,Ambasamudram,Banana,0.9926,0.5712102227401564,0,0,0,0,0.0,none,0.0
PARCEL_0130,Ambasamudram,Banana,0.8955,0.26125193065047153,0,0,0,0,0.0,none,0.0
PARCEL_0131,Ambasamudram,Banana,0.7836,0.44067303046796535,0,0,0,0,0.0,none,0.0
PARCEL_0132,Ambasamudram,Banana,0.6704,0.6709118966950837,0,0,0,0,0.0,none,0.0
PARCEL_0133,Ambasamudram,Banana,0.8436,0.5546526367368537,0,0,0,0,0.0,none,0.0
PARCEL_0134,Ambasamudram,Banana,0.948,0.4948503636535328,0,0,0,0,0.0,none,0.0
PARCEL_0135,Ambasamudram,Banana,0.7377,0.4633412114931758,0,0,0,0,0.0,none,0.0
PARCEL_0136,Ambasamudram,Banana,0.7344,0.7026815878866922,463,2,0,465,661.8,"banana, coconut",0.3432
PARCEL_0137,Ambasamudram,Banana,0.9852,0.5447412881500535,0,0,0,0,0.0,none,0.0
PARCEL_0138,Ambasamudram,Banana,0.7922,0.34791240883509505,0,0,0,0,0.0,none,0.0
PARCEL_0139,Ambasamudram,Banana,0.9288,0.7384498663385445,0,0,0,0,0.0,none,0.0
PARCEL_0140,Ambasamudram,Banana,0.7782,0.2964051799283167,0,0,0,0,0.0,none,0.0
PARCEL_0141,Ambasamudram,Banana,0.6893,0.5749070955662988,0,0,0,0,0.0,none,0.0
PARCEL_0142,Ambasamudram,Banana,0.9489,0.6706601809805209,0,0,0,0,0.0,none,0.0
PARCEL_0143,Ambasamudram,Banana,0.7143,0.39138056972634433,0,0,0,0,0.0,none,0.0
PARCEL_0144,Ambasamudram,Banana,0.5041,0.8116851531002196,0,0,0,0,0.0,none,0.0
PARCEL_0145,Ambasamudram,Banana,0.6322,0.4229203534743415,0,0,0,0,0.0,none,0.0
PARCEL_0146,Ambasamudram,Banana,0.7217,0.7504598318345657,102,4,0,106,141.2,"banana, coconut",0.3345
PARCEL_0147,Ambasamudram,Banana,0.85,0.8193866885338171,0,0,0,0,0.0,none,0.0
PARCEL_0148,Ambasamudram,Banana,0.4737,0.31005948759506047,0,0,0,0,0.0,none,0.0
PARCEL_0149,Ambasamudram,Banana,0.9446,0.6539631152527173,0,0,0,0,0.0,none,0.0
PARCEL_0150,Ambasamudram,Banana,0.6262,0.38017770449676097,0,0,0,0,0.0,none,0.0
PARCEL_0151,Ambasamudram,Banana,0.7285,0.4610857108089007,0,0,0,0,0.0,none,0.0
PARCEL_0152,Ambasamudram,Banana,0.9468,0.3497755068319026,0,0,0,0,0.0,none,0.0
PARCEL_0153,Ambasamudram,Banana,0.9171,0.46727110361154856,0,0,0,0,0.0,none,0.0
PARCEL_0154,Ambasamudram,Banana,0.7323,0.4578250886204715,0,0,0,0,0.0,none,0.0
PARCEL_0155,Ambasamudram,Banana,0.8943,0.32125221042620444,0,0,0,0,0.0,none,0.0
PARCEL_0157,Ambasamudram,Banana,0.7656,0.8131149189790761,0,0,0,0,0.0,none,0.0
PARCEL_0158,Ambasamudram,Banana,0.9708,0.3027711862800425,0,0,0,0,0.0,none,0.0
PARCEL_0159,Ambasamudram,Paddy,0.653,0.26004397375745486,0,0,0,0,0.0,none,0.0
PARCEL_0160,Ambasamudram,Banana,0.8642,0.4186765065369047,0,0,0,0,0.0,none,0.0
PARCEL_0161,Ambasamudram,Banana,0.7673,0.7120520806461967,0,0,0,0,0.0,none,0.0
PARCEL_0162,Ambasamudram,Banana,0.9695,0.32960237601142495,0,0,0,0,0.0,none,0.0
PARCEL_0163,Ambasamudram,Banana,0.9589,0.5922201025415071,0,0,0,0,0.0,none,0.0
PARCEL_0164,Ambasamudram,Banana,0.9696,0.47677978096646884,0,0,0,0,0.0,none,0.0
PARCEL_0165,Ambasamudram,Banana,0.6848,0.4850296899731271,402,0,0,402,828.8,banana,0.7124
PARCEL_0166,Ambasamudram,Banana,0.7278,0.5631677852056828,0,0,0,0,0.0,none,0.0
PARCEL_0167,Ambasamudram,Banana,0.958,0.44389888665439603,0,0,0,0,0.0,none,0.0
PARCEL_0168,Ambasamudram,Banana,0.9336,0.2691590296802382,0,0,0,0,0.0,none,0.0
PARCEL_0169,Ambasamudram,Banana,0.9728,0.42682131891442143,0,0,0,0,0.0,none,0.0
PARCEL_0170,Ambasamudram,Banana,0.8934,0.23614962094788824,0,0,0,0,0.0,none,0.0
PARCEL_0171,Ambasamudram,Banana,0.7943,0.5870909793388073,0,0,0,0,0.0,none,0.0
PARCEL_0172,Ambasamudram,Banana,0.7179,0.4551669940164644,0,0,0,0,0.0,none,0.0
PARCEL_0173,Ambasamudram,Banana,0.8651,0.3693239727171489,0,0,0,0,0.0,none,0.0
PARCEL_0174,Ambasamudram,Banana,0.8802,0.508247942461024,0,0,0,0,0.0,none,0.0
PARCEL_0175,Ambasamudram,Banana,0.6162,0.7180494247655752,0,0,0,0,0.0,none,0.0
PARCEL_0176,Cheranmahadevi,Banana,0.9976,0.3321347231663285,0,0,0,0,0.0,none,0.0
PARCEL_0177,Cheranmahadevi,Banana,1.0,0.24539299691512625,0,0,0,0,0.0,none,0.0
PARCEL_0178,Cheranmahadevi,Banana,0.9927,0.3825621937491447,0,0,0,0,0.0,none,0.0
PARCEL_0179,Cheranmahadevi,Banana,1.0,0.4366916573810136,0,0,0,0,0.0,none,0.0
PARCEL_0180,Cheranmahadevi,Banana,1.0,0.6391030700999641,0,0,0,0,0.0,none,0.0
PARCEL_0181,Cheranmahadevi,Banana,1.0,0.6963008106864177,0,0,0,0,0.0,none,0.0
PARCEL_0182,Cheranmahadevi,Banana,0.9688,0.8702429550927154,0,0,0,0,0.0,none,0.0
PARCEL_0183,Cheranmahadevi,Banana,1.0,0.39655635603436634,0,0,0,0,0.0,none,0.0
PARCEL_0184,Cheranmahadevi,Banana,0.9894,0.862682505184224,0,0,0,0,0.0,none,0.0
PARCEL_0185,Cheranmahadevi,Banana,0.9932,0.5269304181835388,0,0,0,0,0.0,none,0.0
PARCEL_0186,Cheranmahadevi,Banana,1.0,0.2492615216341024,0,0,0,0,0.0,none,0.0
PARCEL_0187,Cheranmahadevi,Banana,0.9297,0.29329705838481684,0,0,0,0,0.0,none,0.0
PARCEL_0188,Cheranmahadevi,Banana,0.9889,0.6813020111339807,0,0,0,0,0.0,none,0.0
PARCEL_0189,Cheranmahadevi,Banana,1.0,0.781044343919698,0,0,0,0,0.0,none,0.0
PARCEL_0190,Cheranmahadevi,Banana,1.0,0.44912568175237455,0,0,0,0,0.0,none,0.0
PARCEL_0191,Cheranmahadevi,Banana,0.9828,0.5409577102526234,0,0,0,0,0.0,none,0.0
PARCEL_0192,Cheranmahadevi,Banana,0.9884,0.3550759116594412,0,0,0,0,0.0,none,0.0
PARCEL_0193,Cheranmahadevi,Banana,0.9558,0.507195774568904,0,0,0,0,0.0,none,0.0
PARCEL_0194,Cheranmahadevi,Banana,0.9922,0.8204991283512636,0,0,0,0,0.0,none,0.0
PARCEL_0195,Cheranmahadevi,Banana,0.9918,0.5350455041849611,0,0,0,0,0.0,none,0.0
PARCEL_0196,Cheranmahadevi,Banana,0.9603,0.3993210631907695,0,0,0,0,0.0,none,0.0
PARCEL_0197,Cheranmahadevi,Banana,1.0,0.524922743828213,0,0,0,0,0.0,none,0.0
PARCEL_0198,Cheranmahadevi,Banana,0.9884,0.6616456992178704,0,0,0,0,0.0,none,0.0
PARCEL_0199,Cheranmahadevi,Banana,0.995,0.4037242921250646,0,0,0,0,0.0,none,0.0
PARCEL_0200,Cheranmahadevi,Banana,1.0,0.5179521142959523,0,0,0,0,0.0,none,0.0
PARCEL_0201,Cheranmahadevi,Banana,1.0,0.5641085726740874,0,0,0,0,0.0,none,0.0
PARCEL_0202,Cheranmahadevi,Banana,1.0,0.47069190487151363,0,0,0,0,0.0,none,0.0
PARCEL_0203,Cheranmahadevi,Banana,1.0,0.6107975610533319,0,0,0,0,0.0,none,0.0
PARCEL_0204,Cheranmahadevi,Banana,1.0,0.4922657713468085,0,0,0,0,0.0,none,0.0
PARCEL_0205,Cheranmahadevi,Banana,0.9644,0.6613391743912145,0,0,0,0,0.0,none,0.0
PARCEL_0206,Cheranmahadevi,Banana,0.9918,0.6937073051490522,0,0,0,0,0.0,none,0.0
PARCEL_0207,Cheranmahadevi,Banana,0.9944,0.4713097193896847,0,0,0,0,0.0,none,0.0
PARCEL_0208,Cheranmahadevi,Banana,0.9962,0.4358419117744874,0,0,0,0,0.0,none,0.0
PARCEL_0209,Cheranmahadevi,Banana,0.995,0.2689786482749745,0,0,0,0,0.0,none,0.0
PARCEL_0210,Cheranmahadevi,Banana,0.9925,0.44478632695680764,0,0,0,0,0.0,none,0.0
PARCEL_0211,Cheranmahadevi,Banana,0.9921,0.5984960005297566,0,0,0,0,0.0,none,0.0
PARCEL_0212,Cheranmahadevi,Banana,1.0,0.4591564994322136,0,0,0,0,0.0,none,0.0
PARCEL_0213,Cheranmahadevi,Banana,0.9934,0.4828390219608562,0,0,0,0,0.0,none,0.0
PARCEL_0214,Cheranmahadevi,Banana,0.9935,0.3595984337582347,0,0,0,0,0.0,none,0.0
PARCEL_0215,Cheranmahadevi,Banana,0.9926,0.38330211375019396,0,0,0,0,0.0,none,0.0
PARCEL_0216,Cheranmahadevi,Banana,0.9742,0.6611870854170298,0,0,0,0,0.0,none,0.0
PARCEL_0217,Cheranmahadevi,Banana,0.7591,0.4506599521092563,0,0,0,0,0.0,none,0.0
PARCEL_0218,Cheranmahadevi,Banana,0.9913,0.5428858268962073,0,0,0,0,0.0,none,0.0
PARCEL_0219,Cheranmahadevi,Banana,1.0,0.5076086802340398,0,0,0,0,0.0,none,0.0
PARCEL_0220,Cheranmahadevi,Banana,0.9724,0.3144394467878702,0,0,0,0,0.0,none,0.0
PARCEL_0221,Cheranmahadevi,Banana,0.9874,0.6057085569084707,0,0,0,0,0.0,none,0.0
PARCEL_0222,Cheranmahadevi,Banana,0.9964,0.7003655764980925,0,0,0,0,0.0,none,0.0
PARCEL_0223,Cheranmahadevi,Banana,0.9968,0.2404157114766089,0,0,0,0,0.0,none,0.0
PARCEL_0224,Cheranmahadevi,Banana,0.9921,0.3513585003562215,0,0,0,0,0.0,none,0.0
PARCEL_0225,Cheranmahadevi,Banana,0.9895,0.38287105205766,0,0,0,0,0.0,none,0.0
PARCEL_0226,Cheranmahadevi,Banana,0.9561,0.5136652396087563,0,0,0,0,0.0,none,0.0
PARCEL_0227,Cheranmahadevi,Banana,0.989,0.44687958862254434,0,0,0,0,0.0,none,0.0
PARCEL_0228,Cheranmahadevi,Banana,0.9733,0.32428757904178446,0,0,0,0,0.0,none,0.0
PARCEL_0229,Cheranmahadevi,Banana,0.9949,0.6081978460177283,0,0,0,0,0.0,none,0.0
PARCEL_0230,Cheranmahadevi,Banana,0.9944,0.29177223503633215,0,0,0,0,0.0,none,0.0
PARCEL_0231,Ambasamudram,Other,0.8251,0.8126735629630111,0,114,45,159,195.7,"coconut, other_tree",0.3975
PARCEL_0232,Ambasamudram,Other,0.7163,0.4397114762609406,0,63,30,93,211.5,"coconut, other_tree",0.4294
PARCEL_0233,Ambasamudram,Other,0.8929,1.0608541701806409,0,0,0,0,0.0,none,0.0
PARCEL_0234,Ambasamudram,Other,0.8914,0.48815972408531416,0,0,0,0,0.0,none,0.0
PARCEL_0235,Ambasamudram,Paddy,0.6189,0.6969919672981774,0,0,0,0,0.0,none,0.0
PARCEL_0236,Ambasamudram,Other,0.8799,0.2679301466456774,0,0,0,0,0.0,none,0.0
PARCEL_0237,Ambasamudram,Paddy,0.418,0.7904930699634694,0,0,0,0,0.0,none,0.0
PARCEL_0238,Ambasamudram,Paddy,0.5098,0.6742140005413356,0,0,0,0,0.0,none,0.0
PARCEL_0239,Ambasamudram,Other,0.6335,0.528396644714762,0,0,0,0,0.0,none,0.0
PARCEL_0240,Ambasamudram,Other,0.5411,0.9760070435932557,0,0,0,0,0.0,none,0.0
PARCEL_0241,Ambasamudram,Other,0.7432,0.5142356499048636,0,0,0,0,0.0,none,0.0
PARCEL_0243,Ambasamudram,Other,0.7346,0.5430835837252406,0,0,0,0,0.0,none,0.0
PARCEL_0244,Ambasamudram,Other,0.7039,0.8930186515477617,0,0,0,0,0.0,none,0.0
PARCEL_0245,Ambasamudram,Other,0.7993,0.32082927360781893,0,0,0,0,0.0,none,0.0
PARCEL_0246,Ambasamudram,Other,0.8716,0.4745349432199776,0,0,0,0,0.0,none,0.0
PARCEL_0247,Ambasamudram,Other,0.5467,0.6010238993058521,0,0,0,0,0.0,none,0.0
PARCEL_0248,Ambasamudram,Other,0.6013,0.5612548724613997,0,0,0,0,0.0,none,0.0
PARCEL_0249,Ambasamudram,Other,0.8214,0.8972159619195161,0,0,0,0,0.0,none,0.0
PARCEL_0250,Ambasamudram,Other,0.7789,0.7917062052496621,0,0,0,0,0.0,none,0.0
PARCEL_0251,Ambasamudram,Other,0.8467,0.28501119730240837,0,0,0,0,0.0,none,0.0
PARCEL_0252,Ambasamudram,Other,0.5681,0.8384448139757529,0,0,0,0,0.0,none,0.0
PARCEL_0253,Ambasamudram,Other,0.7719,0.27642757414445124,0,0,0,0,0.0,none,0.0
PARCEL_0254,Ambasamudram,Other,0.869,0.49588736040255343,0,0,0,0,0.0,none,0.0
PARCEL_0255,Ambasamudram,Other,0.7374,0.5261189364839202,0,0,0,0,0.0,none,0.0
PARCEL_0256,Ambasamudram,Other,0.6633,0.8358439136192919,0,0,0,0,0.0,none,0.0
PARCEL_0257,Ambasamudram,Other,0.7706,0.21695889392016196,0,0,0,0,0.0,none,0.0
PARCEL_0258,Ambasamudram,Other,0.7354,1.1038991801832416,0,152,42,194,175.7,"coconut, other_tree",0.396
PARCEL_0261,Ambasamudram,Banana,0.4364,0.5308067427334754,0,0,0,0,0.0,none,0.0
PARCEL_0262,Ambasamudram,Other,0.7968,1.1110970509041325,0,150,78,228,205.2,"coconut, other_tree",0.4144
PARCEL_0263,Ambasamudram,Other,0.8718,1.1250139692397878,0,0,0,0,0.0,none,0.0
PARCEL_0264,Ambasamudram,Other,0.6027,0.4785625783760773,0,0,0,0,0.0,none,0.0
PARCEL_0265,Ambasamudram,Other,0.5711,0.7770961891889447,0,0,0,0,0.0,none,0.0
PARCEL_0266,Cheranmahadevi,Other,1.0,0.2669065118685508,0,0,0,0,0.0,none,0.0
PARCEL_0268,Cheranmahadevi,Other,0.7769,0.40479503092016733,0,0,0,0,0.0,none,0.0
PARCEL_0269,Cheranmahadevi,Other,0.9337,0.7676425974600095,0,0,0,0,0.0,none,0.0
PARCEL_0270,Cheranmahadevi,Other,0.8959,0.47389609740190974,0,0,0,0,0.0,none,0.0
PARCEL_0271,Cheranmahadevi,Other,0.995,0.8968771886424028,0,0,0,0,0.0,none,0.0
PARCEL_0272,Cheranmahadevi,Other,0.9887,0.5116933889690413,0,0,0,0,0.0,none,0.0
PARCEL_0273,Cheranmahadevi,Other,0.9924,0.4774941735233402,0,0,0,0,0.0,none,0.0
PARCEL_0274,Cheranmahadevi,Other,1.0,0.5395709084366703,0,0,0,0,0.0,none,0.0
PARCEL_0275,Cheranmahadevi,Other,1.0,0.363599028364121,0,0,0,0,0.0,none,0.0
PARCEL_0276,Cheranmahadevi,Other,0.8802,0.7932607722755646,0,0,0,0,0.0,none,0.0
PARCEL_0277,Cheranmahadevi,Other,0.9145,0.9208674301496925,0,0,0,0,0.0,none,0.0
PARCEL_0278,Cheranmahadevi,Other,1.0,1.0525822040082693,0,0,0,0,0.0,none,0.0
PARCEL_0279,Cheranmahadevi,Other,0.9646,0.3317922845806508,0,0,0,0,0.0,none,0.0
PARCEL_0280,Cheranmahadevi,Other,0.9934,0.7646781856172532,0,0,0,0,0.0,none,0.0
PARCEL_0281,Cheranmahadevi,Other,1.0,0.7819196421345926,0,0,0,0,0.0,none,0.0
PARCEL_0282,Cheranmahadevi,Other,1.0,0.6618872414037221,0,0,0,0,0.0,none,0.0
PARCEL_0283,Cheranmahadevi,Other,0.9164,0.27326229211736197,0,0,0,0,0.0,none,0.0
PARCEL_0284,Cheranmahadevi,Other,0.9154,0.4903213643186108,0,0,0,0,0.0,none,0.0
PARCEL_0285,Cheranmahadevi,Other,0.9597,0.6060069429400667,0,0,0,0,0.0,none,0.0
PARCEL_0287,Cheranmahadevi,Other,0.9394,0.2870807583442604,0,0,0,0,0.0,none,0.0
PARCEL_0288,Cheranmahadevi,Other,1.0,0.31158738048079615,0,0,0,0,0.0,none,0.0
PARCEL_0289,Cheranmahadevi,Other,0.8314,1.0165131451961207,0,0,0,0,0.0,none,0.0
PARCEL_0290,Cheranmahadevi,Other,0.9947,1.1183209550054278,0,0,0,0,0.0,none,0.0
PARCEL_0291,Cheranmahadevi,Other,0.9906,0.3460176209646322,0,0,0,0,0.0,none,0.0
PARCEL_0292,Cheranmahadevi,Other,0.9546,0.3955545505391294,0,0,0,0,0.0,none,0.0
PARCEL_0293,Cheranmahadevi,Other,0.8183,0.9658143025994994,0,0,0,0,0.0,none,0.0
PARCEL_0294,Cheranmahadevi,Other,0.8836,0.6231808873205973,0,0,0,0,0.0,none,0.0
PARCEL_0295,Cheranmahadevi,Other,0.9734,0.7341656136406546,0,0,0,0,0.0,none,0.0
PARCEL_0296,Cheranmahadevi,Other,0.9898,1.0880358068057732,0,0,0,0,0.0,none,0.0
PARCEL_0297,Cheranmahadevi,Other,1.0,0.5404274189501068,0,0,0,0,0.0,none,0.0
PARCEL_0298,Cheranmahadevi,Other,1.0,0.6671908791183406,0,0,0,0,0.0,none,0.0
PARCEL_0299,Cheranmahadevi,Other,1.0,1.2905853325642684,0,0,0,0,0.0,none,0.0
PARCEL_0300,Cheranmahadevi,Other,0.9948,1.206494072243921,0,0,0,0,0.0,none,0.0
